# Кандидаты городского радио: город | широта | долгота | регион | станция | жанр | адрес потока
# tools/radio_check.py проверяет каждый адрес в CI; в мод попадают только те, что отвечают аудио.
Махачкала	42.9849	47.5047	Дагестан	Радио Дагестан	республиканский канал	http://stream.radio05.ru:8000/radio_dagestan_128	1
Махачкала	42.9849	47.5047	Дагестан	Радио Кавказ	Кавказ: музыка и разговоры	http://stream.radio05.ru:8000/radio_kavkaz_128	1
Махачкала	42.9849	47.5047	Дагестан	Радио Ватан · 106.6 FM	на русском и аварском	http://stream.radio05.ru:8000/radio_vatan_128	1
Махачкала	42.9849	47.5047	Дагестан	Radio05.Ru	главный эфир студии	http://stream.radio05.ru:8000/radio05_128	1
Махачкала	42.9849	47.5047	Дагестан	Аварское радио	на аварском языке	http://stream.radio05.ru:8000/avarskoe_radio_128	1
Махачкала	42.9849	47.5047	Дагестан	Даргинское радио	на даргинском языке	http://stream.radio05.ru:8000/darginskoe_radio_128	1
Махачкала	42.9849	47.5047	Дагестан	Лезгинское радио	на лезгинском языке	http://stream.radio05.ru:8000/lezginskoe_radio_128	1
Махачкала	42.9849	47.5047	Дагестан	Кумыкское радио	на кумыкском языке	http://stream.radio05.ru:8000/kumykskoe_radio_128	1
Махачкала	42.9849	47.5047	Дагестан	Лакское радио	на лакском языке	http://stream.radio05.ru:8000/lakskoe_radio_128	1
Махачкала	42.9849	47.5047	Дагестан	Рутульское радио	на рутульском языке	http://stream.radio05.ru:8000/rutulskoe_radio_128	1
Махачкала	42.9849	47.5047	Дагестан	Цахурское радио	на цахурском языке	http://stream.radio05.ru:8000/tsakhurskoe_radio_128	1
Махачкала	42.9849	47.5047	Дагестан	Агульское радио	на агульском языке	http://stream.radio05.ru:8000/agulskoe_radio_128	1
Махачкала	42.9849	47.5047	Дагестан	Табасаранское радио	на табасаранском языке	http://stream.radio05.ru:8000/tabasaranskoe_radio_128	1
Махачкала	42.9849	47.5047	Дагестан	Ногайское радио	на ногайском языке	http://stream.radio05.ru:8000/nogayskoe_radio_128	1
Махачкала	42.9849	47.5047	Дагестан	Татское радио	на татском языке	http://stream.radio05.ru:8000/tatskoe_radio_128	1
Махачкала	42.9849	47.5047	Дагестан	Азербайджанское радио	на азербайджанском языке	http://stream.radio05.ru:8000/azerbaydzhanskoe_radio_128	1
Махачкала	42.9849	47.5047	Дагестан	Чеченское радио	на чеченском языке	http://stream.radio05.ru:8000/chechenskoe_radio_128	1
Махачкала	42.9849	47.5047	Дагестан	Прибой FM	музыка и эфиры Махачкалы	http://stream.radio05.ru:8000/priboyfm_128	1
Махачкала	42.9849	47.5047	Дагестан	Nostalgie FM Makhachkala	ретро	https://nostalgie.dagfm.ru/	1
Москва	55.7558	37.6173	Москва	Радио Культура	культура, разговоры	https://icecast-vgtrk.cdnvideo.ru/kulturafm_mp3_192kbps	1
Москва	55.7558	37.6173	Москва	Радио Москвы	новости и разговоры	http://icecast.vgtrk.cdnvideo.ru/moscowtalk128	1
Москва	55.7558	37.6173	Москва	Коммерсантъ FM	деловые новости и интервью	http://kommersant77.hostingradio.ru:8016/kommersant128.mp3	1
Москва	55.7558	37.6173	Москва	Радио Спутник	новости и разговоры	http://icecast-rian.cdnvideo.ru/voicesym	1
Москва	55.7558	37.6173	Москва	Радио России · Москва	разговоры и новости	https://icecast-vgtrk.cdnvideo.ru/rrzonam_mp3_192kbps	1
Санкт-Петербург	59.9343	30.3351	Санкт-Петербург	Град Петров	новости и разговоры	http://www.grad-petrov.ru:8093/mp3-40	0
Санкт-Петербург	59.9343	30.3351	Санкт-Петербург	Радио России · Санкт-Петербург	разговоры и новости	https://www.rtr.spb.ru:8443/live1	0
Санкт-Петербург	59.9343	30.3351	Санкт-Петербург	Hermitage Radio	музыка	http://hermitage.hostingradio.ru/hermitage128.mp3	1
Санкт-Петербург	59.9343	30.3351	Санкт-Петербург	Polygon FM	рок	https://eu6.fastcast4u.com/proxy/polygonf?mp=/stream	1
Барнаул	53.3481	83.7798	Алтайский край	Маяк · Барнаул	разговоры и новости	http://83.246.143.25:8000/MyacLow	0
Барнаул	53.3481	83.7798	Алтайский край	Mayak22 · ГТРК Алтай	разговоры и новости	http://gtrk22.ru:8000/mayak22	1
Омск	54.9885	73.3242	Омская область	Радио России · Омск	разговоры и новости	https://icecast-vgtrk.cdnvideo.ru/omsk	0
Самара	53.1959	50.1002	Самарская область	Радио России · Самара	разговоры и новости	http://tvsamara.ru:8001/Russia	0
Оренбург	51.7682	55.0969	Оренбургская область	Маяк · Оренбург	разговоры и новости	http://213.135.124.30:8000/maiak.mp3	0
Оренбург	51.7682	55.0969	Оренбургская область	Радио России · Оренбург	разговоры и новости	http://213.135.124.30:8000/russia.mp3	0
Владикавказ	43.0241	44.6817	Северная Осетия	Радио Алания	региональное радио	http://vgtrk15.hostingradio.ru:8011/vgtrk15128.mp3	1
Серпухов	54.9167	37.4167	Московская область	Avtoradio 105.5 FM Серпухов	местные новости, поп	http://77.73.90.46:1055/avtoradio	1
Серпухов	54.9167	37.4167	Московская область	Nashe Radio 106.0 FM Серпухов	русский рок и поп	http://77.73.90.46:1055/nasheradio	1
Тюмень	57.1530	65.5343	Тюменская область	Дипольфм	музыка	https://icecast-sibinformburo.cdnvideo.ru/dipolfm	1
Хабаровск	48.4802	135.0719	Хабаровский край	Восток России	рок и поп	http://109.70.24.182:8000/stream/1/	1
Хабаровск	48.4802	135.0719	Хабаровский край	Mix FM	поп	http://radio.gubernia.com:8000/radio3	1
Петропавловск-Камчатский	53.0244	158.6433	Камчатский край	Kamchatka LIVE Dance	танцевальная	https://radio.kamchatkalive.ru:8103/dance	1
Ростов-на-Дону	47.2357	39.7015	Ростовская область	Chicago	рэп и хип-хоп	https://listen6.myradio24.com/92398	1
Новосибирск	55.0084	82.9357	Новосибирская область	Liquid DnB	драм-н-бейс	http://95.47.244.172:8000/live	1
Белгород	50.5997	36.5983	Белгородская область	Мира Белогорья	региональное радио	http://play.belradio.net:8008/nonstop2	0
# Федеральные станции из NetRadio: город «Вся Россия» — они играют в любом городе.
Вся Россия	0	0	Вся Россия	Радио Маяк	новости, ток-шоу, разговоры	http://icecast.vgtrk.cdnvideo.ru/mayakfm_mp3_192kbps	1
Вся Россия	0	0	Вся Россия	Вести FM	новости и разговоры в студии	http://icecast.vgtrk.cdnvideo.ru/vestifm	1
Вся Россия	0	0	Вся Россия	Радио России	главный канал страны	http://icecast.vgtrk.cdnvideo.ru/rrzonam_mp3_128kbps	1
Вся Россия	0	0	Вся Россия	Комсомольская правда	разговоры, новости, прямые эфиры	http://kpradio.hostingradio.ru:8000/russia.radiokp128.mp3	1
Вся Россия	0	0	Вся Россия	Говорит Москва	интервью и ток-шоу	http://media.govoritmoskva.ru:8880/ru64.mp3	1
Вся Россия	0	0	Вся Россия	Радио Книга	книги, чтение, разговоры	http://bookradio.hostingradio.ru:8069/fm	1
Вся Россия	0	0	Вся Россия	Европа Плюс	популярная музыка	http://ep256.hostingradio.ru:8052/europaplus256.mp3	1
Вся Россия	0	0	Вся Россия	Дорожное радио	музыка для дороги	http://dorognoe.hostingradio.ru:8000/radio	1
Вся Россия	0	0	Вся Россия	Ретро FM 70-е	хиты семидесятых	http://retro70.hostingradio.ru:8025/retro70-128.mp3	1
Вся Россия	0	0	Вся Россия	Радио Шансон	шансон и городской романс	http://chanson.hostingradio.ru:8041/chanson256.mp3	1
Вся Россия	0	0	Вся Россия	Русский Рок	отечественный рок	http://rock.volna.top/RusRock	1
Вся Россия	0	0	Вся Россия	Русские Песни	народные и эстрадные песни	http://listen.rusongs.ru/ru-mp3-128	1
